
-- This file is generated by the DataFiller free software.
-- This software comes without any warranty whatsoever.
-- Use at your own risk. Beware, this script may destroy your data!
-- License is GPLv3, see http://www.gnu.org/copyleft/gpl.html
-- Get latest version from http://www.coelho.net/datafiller.html

-- Data generated by: /usr/local/bin/datafiller
-- Version 2.0.1-dev (r832 on 2015-11-01)
-- For postgresql on 2018-08-29T10:39:51.126381 (UTC)
-- 
-- fill table patient (100)
\echo # filling table patient (100)
COPY patient (patient_id,lastname,firstname,deceased) FROM STDIN (ENCODING 'UTF-8', FREEZE ON);
1	Seraphine	Jain	TRUE
2	Melesa	DeFrancesco	FALSE
3	Aristides	SVM-BNRMTVB	TRUE
4	Kyoko	Capostagno	FALSE
5	Amalea	IC	FALSE
6	Byron	Banik	FALSE
7	Shanon	Westfall	FALSE
8	Dhansukh	Conboy	FALSE
9	Zdenek	Linebarger	FALSE
10	Mariann	Whittingham	FALSE
11	Pippy	Sherlock	TRUE
12	Jocelyne	Westgarth	FALSE
13	Merrill	Hibberd	FALSE
14	Rosalind	Fielding	FALSE
15	Fanni	Blasing	FALSE
16	Cherise	Azzuolo	TRUE
17	Lavinie	Vasudeva	FALSE
18	Far	Stetter	FALSE
19	Maryam	Tiller	FALSE
20	Belle	Todorovic	FALSE
21	Peg	Trudel	TRUE
22	Mika	Geddes	FALSE
23	Malinda	Moffatt	FALSE
24	Sascha	Fon	TRUE
25	Edythe	Miceli	FALSE
26	Praveen	Hunsucker	TRUE
27	Timmie	Bartholomew	FALSE
28	Shaylynn	Briggs	FALSE
29	Ingres	Gaiarsa	TRUE
30	Jeniffer	Siegel	TRUE
31	Oue	Jansen	FALSE
32	Addie	Gardner	FALSE
33	Gae	Mrozinski	FALSE
34	Denys	Hickey	FALSE
35	Hai	Myer	FALSE
36	Dotti	Costa	TRUE
37	Eleni	Farquhar	TRUE
38	Debadeep	Ardiel	FALSE
39	Veena	Frenette	FALSE
40	Mil	Deluce	TRUE
41	Coleman	Odgers	FALSE
42	Clarey	Lanunix	TRUE
43	Pier	Glaros	TRUE
44	Rayna	Domas	FALSE
45	Dilip	Brannen	FALSE
46	Eleanore	Hazelton	FALSE
47	Cosetta	Kannemann	TRUE
48	Famke	Tisdall	FALSE
49	Sybila	Murrell	FALSE
50	Abagael	Janelle	FALSE
51	Clive	Napke	FALSE
52	Michaela	Pendharkar	FALSE
53	Carmela	Denmark	FALSE
54	Mfgeng	Benwell	FALSE
55	Zainab	Hoekstra	FALSE
56	Jan	Dayberry	FALSE
57	Caroline	Reiss	FALSE
58	Maura	Starr	FALSE
59	Shandeigh	Capobianco	FALSE
60	Bryna	Flindall	FALSE
61	Merry	Rollin	TRUE
62	Shantee	Rashed	TRUE
63	Carmel	DiTecco	TRUE
64	Caren	LaPlante	FALSE
65	Marieann	Ritchie	FALSE
66	Shiela	Przybycien	FALSE
67	Tariq	Taspatch	FALSE
68	Gilberta	Tessier	FALSE
69	Nasser	Raynard	FALSE
70	Margareta	Bayraktar	FALSE
71	Annecorinne	Kusumakar	TRUE
72	Madlin	Awadalla	FALSE
73	Penang	Miao	FALSE
74	Christophe	Buford	TRUE
75	Dhiren	Hinchley	TRUE
76	Malynda	Gille	FALSE
77	Brenna	Naldrett	FALSE
78	Rejeanne	Randell	FALSE
79	Kui	McPhaden	FALSE
80	Joscelin	van der	TRUE
81	Stefa	Ianace	FALSE
82	Mureil	Rambo	TRUE
83	Arabel	Nerem	FALSE
84	Dorothy	Petrick	FALSE
85	Hayden	Bergwerff	FALSE
86	Iws	Armstead	FALSE
87	Efdal	Integration	TRUE
88	Sandy	Endenburg	FALSE
89	Chelsey	Bruhl	TRUE
90	Valera	Hollingworth	FALSE
91	Vinni	Estridge	FALSE
92	Laurie	Sherif	FALSE
93	Wilhelmine	Duchaine	FALSE
94	Nicol	Marlow	TRUE
95	Mollee	Ozyetis	FALSE
96	Business	Carbonneau	TRUE
97	Aryn	McClelland	FALSE
98	Ijff	Shull	TRUE
99	Puneet	Bucklin	FALSE
100	Mahendra	Gopisetty	TRUE
\.
-- 
-- fill table visits (250)
\echo # filling table visits (250)
COPY visits (visit_id,patient_id,visit_date,news) FROM STDIN (ENCODING 'UTF-8', FREEZE ON);
1	85	2011-09-26	TRUE
2	92	2016-09-08	TRUE
3	69	2014-01-16	TRUE
4	17	2014-05-21	TRUE
5	78	2017-05-18	FALSE
6	33	2017-05-30	FALSE
7	72	2011-05-10	TRUE
8	52	2007-04-14	TRUE
9	94	2012-08-10	FALSE
10	20	2007-11-07	TRUE
11	55	2016-01-07	TRUE
12	47	2013-03-28	FALSE
13	40	2003-11-07	FALSE
14	93	2005-11-16	FALSE
15	93	2004-11-27	TRUE
16	37	2002-05-31	FALSE
17	80	2002-11-24	TRUE
18	43	2000-01-31	TRUE
19	24	2000-07-31	FALSE
20	72	2002-09-20	TRUE
21	51	2016-05-14	TRUE
22	73	2001-11-03	TRUE
23	37	2017-08-31	TRUE
24	41	2004-05-17	TRUE
25	57	2018-03-31	TRUE
26	35	2004-04-14	TRUE
27	33	2016-11-07	TRUE
28	66	2009-06-11	TRUE
29	51	2002-07-24	TRUE
30	26	2007-01-21	FALSE
31	50	2008-03-18	TRUE
32	51	2001-06-21	TRUE
33	1	2000-08-25	TRUE
34	72	2014-07-17	TRUE
35	99	2003-03-19	TRUE
36	89	2003-05-02	TRUE
37	80	2001-03-28	TRUE
38	23	2009-06-15	FALSE
39	64	2016-11-24	TRUE
40	93	2017-10-24	TRUE
41	92	2006-10-24	TRUE
42	18	2017-11-19	TRUE
43	86	2007-01-31	TRUE
44	47	2005-01-25	TRUE
45	2	2000-03-03	TRUE
46	28	2007-05-08	TRUE
47	43	2001-05-28	TRUE
48	38	2000-06-20	FALSE
49	30	2005-04-19	TRUE
50	35	2016-05-11	TRUE
51	38	2002-01-31	TRUE
52	10	2007-02-04	TRUE
53	32	2012-07-01	TRUE
54	10	2005-07-11	FALSE
55	30	2002-03-05	TRUE
56	29	2006-10-30	TRUE
57	93	2009-07-31	TRUE
58	32	2000-05-29	TRUE
59	58	2004-04-06	TRUE
60	2	2011-10-09	TRUE
61	90	2012-10-27	TRUE
62	53	2007-05-12	TRUE
63	2	2016-07-28	TRUE
64	92	2016-09-29	TRUE
65	71	2010-04-26	TRUE
66	88	2000-05-03	TRUE
67	44	2006-07-19	FALSE
68	98	2000-01-22	FALSE
69	78	2002-06-16	TRUE
70	33	2011-06-15	FALSE
71	32	2016-07-30	TRUE
72	41	2005-05-01	TRUE
73	26	2016-11-08	FALSE
74	87	2014-04-01	TRUE
75	74	2010-09-22	TRUE
76	8	2003-11-07	FALSE
77	81	2011-12-16	FALSE
78	55	2001-04-20	TRUE
79	70	2002-02-02	TRUE
80	5	2013-12-06	TRUE
81	28	2011-11-04	TRUE
82	89	2016-07-11	TRUE
83	49	2001-10-07	FALSE
84	96	2006-08-18	TRUE
85	14	2006-12-29	TRUE
86	59	2017-11-02	TRUE
87	81	2004-06-09	TRUE
88	13	2015-01-17	TRUE
89	78	2010-12-06	TRUE
90	65	2012-04-10	FALSE
91	95	2004-11-04	TRUE
92	89	2009-03-03	FALSE
93	62	2016-07-03	TRUE
94	88	2015-05-22	TRUE
95	46	2008-01-09	TRUE
96	86	2014-10-18	TRUE
97	37	2000-03-16	FALSE
98	16	2000-10-22	FALSE
99	87	2014-05-17	FALSE
100	84	2005-06-13	FALSE
101	57	2002-06-24	TRUE
102	47	2015-12-11	TRUE
103	34	2007-10-17	TRUE
104	52	2006-08-31	TRUE
105	24	2012-09-21	TRUE
106	81	2007-02-02	TRUE
107	24	2011-05-19	TRUE
108	84	2017-05-16	TRUE
109	4	2007-04-09	TRUE
110	30	2007-02-11	TRUE
111	54	2000-10-16	FALSE
112	71	2005-12-16	FALSE
113	86	2012-08-05	TRUE
114	91	2004-08-01	TRUE
115	23	2008-06-21	TRUE
116	39	2001-10-23	TRUE
117	82	2011-02-13	TRUE
118	60	2014-09-28	TRUE
119	82	2004-05-22	TRUE
120	62	2000-07-02	TRUE
121	73	2003-03-08	TRUE
122	94	2017-12-03	FALSE
123	31	2009-12-03	TRUE
124	48	2011-09-13	TRUE
125	72	2003-09-15	TRUE
126	59	2016-10-07	FALSE
127	91	2012-10-12	TRUE
128	25	2005-09-19	TRUE
129	42	2009-10-01	FALSE
130	59	2002-06-14	TRUE
131	9	2015-09-16	TRUE
132	87	2003-10-27	TRUE
133	85	2009-07-13	TRUE
134	73	2006-08-02	TRUE
135	28	2001-10-30	FALSE
136	39	2007-09-09	TRUE
137	69	2005-01-10	TRUE
138	87	2001-03-09	FALSE
139	3	2016-09-10	TRUE
140	86	2004-03-22	FALSE
141	70	2017-05-05	TRUE
142	27	2002-02-06	TRUE
143	3	2011-06-05	FALSE
144	54	2012-02-23	FALSE
145	96	2002-04-18	FALSE
146	40	2013-12-18	TRUE
147	50	2017-08-20	FALSE
148	97	2004-09-05	FALSE
149	45	2007-11-29	TRUE
150	86	2000-01-18	TRUE
151	22	2004-03-17	TRUE
152	30	2002-09-12	TRUE
153	8	2000-02-23	TRUE
154	34	2007-08-31	TRUE
155	11	2005-11-25	TRUE
156	18	2015-10-14	FALSE
157	64	2005-07-23	FALSE
158	67	2012-12-28	FALSE
159	5	2011-06-17	TRUE
160	66	2014-10-09	FALSE
161	6	2003-09-02	TRUE
162	86	2006-07-15	TRUE
163	83	2012-07-25	TRUE
164	36	2017-01-18	TRUE
165	28	2012-11-16	TRUE
166	43	2016-06-01	TRUE
167	52	2014-08-26	FALSE
168	33	2007-06-08	TRUE
169	15	2006-04-24	TRUE
170	58	2016-10-03	TRUE
171	57	2016-04-24	TRUE
172	38	2011-12-26	TRUE
173	28	2009-08-06	TRUE
174	89	2014-12-30	TRUE
175	68	2006-03-17	TRUE
176	78	2002-04-01	TRUE
177	52	2018-04-06	TRUE
178	88	2014-04-22	TRUE
179	36	2013-05-29	TRUE
180	9	2004-12-29	TRUE
181	10	2014-01-10	TRUE
182	3	2002-12-16	TRUE
183	29	2007-05-13	TRUE
184	85	2000-05-17	FALSE
185	71	2007-10-15	TRUE
186	29	2015-01-17	TRUE
187	76	2005-09-29	TRUE
188	25	2003-06-16	TRUE
189	7	2008-01-24	TRUE
190	2	2016-02-13	FALSE
191	68	2009-06-11	TRUE
192	6	2005-10-12	TRUE
193	42	2001-09-21	TRUE
194	49	2011-10-14	FALSE
195	70	2007-03-16	TRUE
196	60	2006-08-23	TRUE
197	56	2008-04-10	TRUE
198	100	2016-12-14	TRUE
199	69	2004-01-05	FALSE
200	64	2007-11-29	TRUE
201	52	2010-09-03	TRUE
202	22	2009-12-17	TRUE
203	76	2000-08-17	TRUE
204	1	2010-12-06	TRUE
205	79	2002-02-11	FALSE
206	33	2006-08-05	TRUE
207	77	2007-03-30	TRUE
208	7	2012-11-03	TRUE
209	17	2001-03-19	TRUE
210	18	2016-07-09	FALSE
211	10	2012-07-23	TRUE
212	89	2009-03-05	TRUE
213	71	2001-06-17	FALSE
214	13	2011-06-26	TRUE
215	95	2003-03-30	TRUE
216	80	2016-12-27	TRUE
217	9	2007-05-07	TRUE
218	82	2009-10-14	TRUE
219	23	2018-04-12	TRUE
220	59	2009-05-26	TRUE
221	93	2016-08-13	TRUE
222	55	2000-02-28	TRUE
223	94	2002-12-31	TRUE
224	47	2004-08-13	TRUE
225	17	2002-05-22	FALSE
226	19	2017-05-02	TRUE
227	31	2016-07-14	TRUE
228	88	2015-10-01	TRUE
229	19	2016-08-26	FALSE
230	25	2013-11-26	FALSE
231	42	2016-01-29	TRUE
232	72	2017-12-20	FALSE
233	28	2007-09-18	TRUE
234	49	2017-02-11	FALSE
235	11	2010-06-30	FALSE
236	83	2007-07-22	TRUE
237	75	2009-05-22	TRUE
238	11	2017-01-19	TRUE
239	25	2008-02-23	FALSE
240	29	2016-01-27	TRUE
241	100	2002-03-30	FALSE
242	83	2017-07-15	TRUE
243	86	2006-05-05	TRUE
244	21	2002-01-29	TRUE
245	77	2006-09-28	TRUE
246	7	2008-03-28	TRUE
247	7	2005-10-20	TRUE
248	45	2015-11-03	TRUE
249	53	2013-03-21	TRUE
250	68	2010-04-21	TRUE
\.
-- 
-- fill table lab_values (31)
\echo # filling table lab_values (31)
COPY lab_values (value_id,name) FROM STDIN (ENCODING 'UTF-8', FREEZE ON);
1	WBC
2	RBC
3	Hgb
4	Hct
5	RET
6	MCV
7	MCH
8	MCHC
9	MPV fl
10	Platelets
11	Neutrophil
12	Lymphs
13	Monocytes
14	Eosinophils
15	Basophils
16	Bilirubin
17	IG
18	nRBC
19	Calcium
20	BUN
21	Creatinine
22	Iron
23	Ferritin
24	Haptoglobin
25	IBC
26	IGA
27	IGE
28	IGG
29	IGM
30	Vitamin B12
31	Folic Acid
\.
-- 
-- fill table lab_values_to_patient (300)
\echo # filling table lab_values_to_patient (300)
COPY lab_values_to_patient (patient_id,value_id,value,date_recorded) FROM STDIN (ENCODING 'UTF-8', FREEZE ON);
26	14	0.12471978551049845	2013-05-15
96	23	0.2429466422075347	2016-08-25
34	1	0.9369492761837801	2015-12-01
93	6	0.22503668225002438	2013-05-11
9	19	0.9291491838832621	2015-06-08
34	17	0.7468860464912064	2011-10-16
48	11	0.35738132444949644	2016-03-08
89	7	0.9610440604501933	2010-08-17
6	27	0.19679299236135306	2014-07-30
18	23	0.2609350815414432	2012-02-24
45	15	0.27408264029731044	2012-11-08
69	8	0.7415515720870107	2016-08-23
45	12	0.8037021714941724	2013-04-19
82	10	0.8294956290552168	2010-09-14
85	6	0.8036716958397566	2011-03-07
56	26	0.7699749215406128	2011-06-05
42	7	0.6842272204806041	2016-09-10
84	2	0.61116353490922	2011-12-11
50	27	0.29390024715778407	2013-02-18
25	31	0.5508132065693989	2016-06-01
3	23	0.14466266331369904	2013-11-11
10	22	0.7596088788382364	2012-06-23
70	8	0.25058167391072594	2010-01-21
37	20	0.6927648503437424	2016-03-27
7	13	0.6814437387820922	2010-05-10
39	11	0.5189516007793679	2017-03-10
28	16	0.19517019530495738	2017-02-25
3	4	0.15602542216907633	2014-05-03
74	8	0.07741720912497996	2015-11-26
11	6	0.4994223757502553	2012-02-11
93	21	0.8587208802906352	2016-03-11
26	5	0.39092530451767094	2015-05-12
46	9	0.4356537358191306	2016-07-18
63	22	0.6685107059949005	2015-06-01
50	31	0.12208211809010971	2016-09-26
64	4	0.6014086979074944	2010-09-19
83	9	0.07212736413388576	2012-01-10
60	2	0.9114009626018736	2015-02-18
12	26	0.28600674097305834	2016-03-17
54	23	0.3238046258851278	2015-10-05
59	28	0.9260742442239188	2012-04-13
8	15	0.16911628916425236	2016-07-01
43	11	0.6699655579153838	2010-11-01
75	18	0.37805535435599524	2014-03-22
35	29	0.018481712943423934	2012-10-24
34	11	0.7477489721757601	2015-10-19
60	4	0.5991045137465678	2014-09-01
81	22	0.8064413982099643	2011-02-04
65	16	0.23767752148717225	2016-08-18
28	1	0.2528404898647444	2016-06-17
4	30	0.1934062607809418	2012-10-08
76	12	0.899339767231552	2017-03-16
17	14	0.4608920486003235	2015-11-30
16	16	0.47115151542219014	2013-05-23
41	2	0.29371023007059704	2015-02-15
83	18	0.7937409799588226	2013-04-22
75	19	0.6920463966451247	2011-03-16
17	30	0.5510688581804438	2013-05-23
7	1	0.5241207909645503	2010-06-12
16	19	0.48138737769662254	2010-05-04
11	28	0.7356934150577703	2015-10-29
48	15	0.21301254322424135	2014-09-04
22	19	0.6439762693405056	2013-04-30
38	15	0.29415032273645414	2012-06-03
58	11	0.8707420753252982	2014-08-24
31	18	0.5590455606566388	2016-09-21
71	14	0.11421645958375548	2011-11-04
66	5	0.390967184421562	2013-03-02
6	2	0.8274988454201476	2017-03-26
29	20	0.6185610861821123	2015-04-12
55	2	0.41151099906981703	2012-10-04
100	23	0.3656627370922436	2014-08-26
1	3	0.2072080855412105	2012-10-05
80	28	0.578314111197629	2015-01-20
100	14	0.5030186865175383	2013-06-19
37	11	0.9658396968072227	2011-06-01
97	11	0.1722867599629545	2012-07-31
92	20	0.2958271152578198	2013-12-05
32	19	0.4233251598083313	2014-10-21
47	28	0.8519720183070054	2010-12-29
61	31	0.2511257069060344	2015-12-31
3	20	0.5667966673960109	2013-12-22
41	10	0.172175607400459	2014-05-28
49	19	0.7667015402872487	2010-07-17
50	19	0.39538290880520877	2014-11-11
2	19	0.5591919466373333	2013-06-20
88	30	0.10502633903997582	2011-06-23
18	20	0.8562055735323106	2015-08-02
37	1	0.854733221140365	2015-03-21
31	1	0.2890749753886974	2014-06-13
67	16	0.7988554892371235	2015-10-17
31	27	0.49094391917289615	2012-08-14
82	21	0.7866912104012913	2012-07-06
62	15	0.5239984206891892	2011-07-21
46	27	0.7912483338557876	2013-05-07
64	23	0.2282632094958359	2010-04-01
62	10	0.9648916183755576	2011-06-17
25	15	0.6430983323351732	2016-06-28
86	20	0.2680833309194828	2015-02-09
33	5	0.692039625111819	2010-03-20
95	26	0.3226153981680475	2015-09-17
92	25	0.5939679674017248	2015-09-04
90	4	0.9330425816000621	2015-06-06
12	24	0.6728794062305988	2014-04-29
77	20	0.5957023586017823	2013-11-30
16	22	0.2081551134586307	2014-11-10
31	4	0.9680824077197019	2010-09-15
30	11	0.08080672237980424	2014-07-30
88	10	0.5509173025216378	2016-12-05
55	21	0.32430637436074694	2015-02-13
43	27	0.9611705257884866	2012-10-14
5	9	0.8648009030763947	2010-05-20
50	26	0.027522262740632186	2013-09-06
60	24	0.5738295754634883	2015-02-10
66	3	0.419237465921921	2016-07-03
67	11	0.5254309511662678	2016-09-17
16	25	0.7270495349822307	2014-10-18
85	29	0.8912368623328262	2010-07-15
27	24	0.7049191315011609	2011-06-29
57	1	0.6641818934635246	2016-05-06
91	20	0.8288182919847527	2016-07-27
23	15	0.07216198983940536	2014-04-02
12	23	0.9580203441145687	2013-02-28
98	3	0.7274459825942593	2011-10-02
13	9	0.6566507327340791	2012-03-11
7	19	0.5234692383919038	2012-09-30
1	6	0.3701954279255488	2012-08-14
41	24	0.024733471858582656	2012-11-19
19	22	0.23064437770366764	2012-02-17
17	29	0.8711212484990923	2012-03-22
42	22	0.8844290537926699	2017-02-01
2	4	0.5247503546095014	2011-08-22
47	19	0.7389439043001529	2016-02-22
60	17	0.5432666404182624	2013-05-21
42	17	0.31967211943245954	2012-03-04
9	1	0.5545507380600218	2016-05-28
60	3	0.6155076658798563	2013-10-06
86	9	0.46741662787316984	2016-04-06
51	28	0.6705864298835047	2010-04-01
45	7	0.12442116678573523	2010-11-12
47	1	0.9477403560833285	2014-09-18
83	23	0.9470797210424001	2013-03-12
93	7	0.24140160252805465	2016-05-08
84	22	0.44134253945065893	2011-07-28
19	31	0.938156904015681	2016-08-11
66	17	0.31978710115896447	2016-07-10
48	27	0.3873928807332381	2010-11-11
57	8	0.34411883412649724	2013-03-19
50	11	0.20838039316081547	2010-06-04
80	11	0.7157279662480096	2010-02-07
72	4	0.6151039157988718	2016-03-09
26	4	0.29741692068976167	2011-10-23
100	6	0.18046335023208604	2010-07-09
33	4	0.07034261721107393	2011-05-31
99	3	0.17080909945238099	2010-11-06
89	14	0.7431721089067357	2013-05-31
5	10	0.733226453547717	2011-07-02
38	4	0.2191940423471418	2011-04-29
6	8	0.48777448700681314	2014-08-09
68	7	0.9693979201561685	2014-07-10
32	4	0.14204121441822015	2016-05-23
67	8	0.9937429482784423	2013-04-19
31	5	0.6891846983215112	2015-08-01
53	23	0.42536690633046503	2012-08-18
27	20	0.6792405963455019	2013-07-19
27	29	0.7872514637730522	2011-07-25
56	6	0.7111895740051452	2012-11-18
47	9	0.14730962834360695	2016-07-24
98	8	0.3272096018740537	2014-01-29
22	10	0.13587052325386173	2017-04-25
5	25	0.7003216126883862	2015-09-13
71	13	0.5279215544154645	2015-09-29
27	3	0.5964612540876707	2010-12-30
73	14	0.97272263691942	2015-04-22
67	20	0.4342072820390903	2017-04-05
50	16	0.037408372820535774	2017-05-17
17	3	0.702194925709971	2010-01-24
95	8	0.1411089669713429	2015-03-20
2	24	0.6440014944220992	2013-09-12
97	21	0.6335205330516263	2012-05-04
13	31	0.888132841133236	2016-08-12
35	23	0.7740974622995106	2012-06-22
75	4	0.538674178912441	2011-01-16
33	12	0.2535130849185274	2014-04-09
8	28	0.7827759400310522	2015-04-28
46	23	0.8813978815688612	2013-09-14
2	11	0.17881330961061814	2017-01-21
53	16	0.19657031396167324	2011-05-24
88	21	0.5239893909261825	2013-11-24
78	25	0.3186476115208543	2013-07-20
40	14	0.7138436675453829	2014-01-15
50	25	0.30335334816786175	2013-06-26
81	10	0.09109551433457508	2014-04-28
99	15	0.6388557955252764	2011-01-18
14	31	0.37993351786241547	2014-12-07
27	23	0.3089448684261137	2016-12-10
34	21	0.6807667884157748	2011-10-09
25	4	0.49810621275326383	2014-06-10
13	24	0.7559279022849611	2016-10-12
86	4	0.772514420355235	2016-01-05
28	15	0.13002503087024186	2015-11-11
86	13	0.4745423325352268	2010-08-28
96	25	0.7394105651775671	2015-11-25
14	23	0.88748416619534	2011-12-18
50	22	0.9244811847441785	2013-07-11
87	10	0.15031751822611283	2015-04-23
76	15	0.5654676992882802	2016-02-12
1	4	0.9717323965784032	2011-04-17
48	14	0.4093278686608244	2010-03-15
31	24	0.9233569030355581	2010-03-15
24	16	0.10866939246097129	2016-10-22
42	9	0.7029213612674695	2016-12-18
63	24	0.22887088456183802	2015-08-17
47	5	0.15627773520816024	2010-09-21
34	29	0.7354595400421745	2011-11-19
29	3	0.4765708886230493	2010-03-11
65	3	0.3594294007450406	2011-05-06
18	24	0.7600632512157487	2011-02-28
62	12	0.5965119779637934	2017-01-16
92	17	0.7608264014127094	2013-03-12
90	13	0.6237807324964321	2015-10-12
67	30	0.5373872983438948	2012-06-22
98	13	0.5744245946761342	2011-06-28
61	6	0.8911253132910208	2014-01-30
44	12	0.2234805093381732	2014-11-22
37	21	0.6736321829028403	2011-06-09
25	1	0.18072287662367836	2010-11-22
37	30	0.014620335910484172	2010-03-31
98	26	0.10110379238213851	2011-04-24
22	1	0.3247177329098172	2013-10-18
69	20	0.28461343991849397	2011-01-29
50	30	0.5394422255554205	2013-07-04
67	13	0.7958711470122362	2014-05-06
55	28	0.6656884944411608	2011-05-29
62	26	0.21315465788586296	2011-04-22
25	12	0.007061954957130023	2012-08-31
28	21	0.8950749808722995	2016-10-01
52	23	0.8743707803393702	2015-03-04
99	12	0.0995806292807182	2012-08-26
70	28	0.4160768179298576	2017-02-08
68	9	0.9906177703223229	2012-06-13
94	15	0.2697955455105776	2011-06-16
88	27	0.02910623562128478	2011-07-22
73	4	0.9547977019981486	2016-09-15
32	7	0.5939301478004128	2011-11-14
94	31	0.9887832951497968	2010-12-08
6	16	0.5058138346741105	2014-03-22
96	22	0.5526598275676703	2012-07-29
85	21	0.10688548719404867	2010-01-15
76	22	0.1387662752591956	2011-04-02
20	28	0.25524957067114074	2010-07-10
89	22	0.3939290503952698	2016-03-27
62	2	0.6603478825375189	2010-04-01
5	28	0.9300638705887299	2016-02-24
82	20	0.6007008938683355	2010-02-03
12	9	0.9689569892441284	2012-01-18
15	25	0.29763233650887844	2015-08-24
40	4	0.4984116410017544	2010-04-21
17	13	0.7192033523038852	2012-08-05
50	28	0.13522023140031214	2016-04-13
32	3	0.44674340390137524	2010-12-18
11	25	0.5676007561084361	2010-05-23
94	3	0.03675959924178662	2010-09-17
95	16	0.3622909400377248	2010-01-15
7	12	0.20520971242377806	2012-02-29
63	28	0.8902261347430789	2013-07-24
10	7	0.37633920404671883	2016-05-18
15	29	0.15341826908086564	2013-05-31
82	4	0.31174603959312586	2016-12-24
52	21	0.3662343826982264	2016-01-23
90	11	0.06642407110881765	2017-03-01
31	12	0.1503087680303946	2011-02-16
67	18	0.12447556394050674	2014-10-24
91	16	0.2664158187026807	2010-11-08
44	3	0.9269824674535138	2011-10-31
10	24	0.3764245988189616	2011-04-30
20	5	0.5714394995373503	2013-05-22
20	20	0.45420908979244223	2012-05-05
36	13	0.8189236814395696	2012-12-24
73	13	0.8958832526488337	2014-04-29
61	12	0.5691628313097106	2010-12-22
64	9	0.7540334643477149	2010-06-29
72	29	0.6013640055593497	2011-04-27
1	25	0.7714572547215748	2012-08-11
94	16	0.7099634326493881	2016-11-09
84	8	0.26165789394733585	2010-07-22
31	23	0.32487876646899627	2010-12-29
98	10	0.28592758395500306	2016-11-25
77	7	0.07098375482344976	2012-09-13
28	6	0.8086731773556951	2012-05-22
100	10	0.6120641010081374	2011-04-27
68	27	0.3768847695559234	2010-12-10
95	22	0.8436030409938022	2014-09-24
15	15	0.6108558269900303	2012-03-25
10	5	0.4320567934475408	2012-09-29
64	17	0.992472219618627	2013-06-08
98	15	0.7669219223526262	2011-08-22
62	31	0.7810627899364976	2010-11-24
56	29	0.09837415540668437	2015-02-17
76	23	0.4475054669299867	2010-11-01
\.
-- 
-- restart sequences
ALTER SEQUENCE patient_patient_id_seq RESTART WITH 101;
ALTER SEQUENCE visits_visit_id_seq RESTART WITH 251;
ALTER SEQUENCE lab_values_value_id_seq RESTART WITH 32;
-- 
-- analyze modified tables
ANALYZE patient;
ANALYZE visits;
ANALYZE lab_values;
ANALYZE lab_values_to_patient;
